player_id,timestamp,net_now,net_prev,velocity
1,2025-12-23_03-54-27,-570,-148,-422
2,2025-12-23_03-54-27,-19,4,-23
3,2025-12-23_03-54-27,-14,-14,0
4,2025-12-23_03-54-27,55,20,35
5,2025-12-23_03-54-27,-3295,-1777,-1518
6,2025-12-23_03-54-27,2133,1115,1018
7,2025-12-23_03-54-27,1753,809,944
8,2025-12-23_03-54-27,4002,2348,1654
9,2025-12-23_03-54-27,-2,0,-2
10,2025-12-23_03-54-27,-546,-212,-334
11,2025-12-23_03-54-27,-2829,-1082,-1747
13,2025-12-23_03-54-27,20,-4,24
14,2025-12-23_03-54-27,-6,-3,-3
15,2025-12-23_03-54-27,-17,6,-23
16,2025-12-23_03-54-27,-5413,-1347,-4066
17,2025-12-23_03-54-27,102,75,27
18,2025-12-23_03-54-27,-357,-156,-201
19,2025-12-23_03-54-27,-171,-107,-64
20,2025-12-23_03-54-27,602,263,339
21,2025-12-23_03-54-27,28256,10411,17845
22,2025-12-23_03-54-27,-3481,-1561,-1920
23,2025-12-23_03-54-27,-1,-1,0
24,2025-12-23_03-54-27,-4,-16,12
25,2025-12-23_03-54-27,-11,-8,-3
26,2025-12-23_03-54-27,-193,-158,-35
28,2025-12-23_03-54-27,-5,-2,-3
29,2025-12-23_03-54-27,-4,-1,-3
30,2025-12-23_03-54-27,-6,-5,-1
31,2025-12-23_03-54-27,-101,-52,-49
266,2025-12-23_03-54-27,-13486,-5900,-7586
662,2025-12-23_03-54-27,-47,-20,-27
666,2025-12-23_03-54-27,-1104,-575,-529
700,2025-12-23_03-54-27,-148,-62,-86
711,2025-12-23_03-54-27,0,0,0
725,2025-12-23_03-54-27,1180,545,635
759,2025-12-23_03-54-27,-1,-1,0
32,2025-12-23_03-54-27,90,111,-21
33,2025-12-23_03-54-27,-47,-14,-33
34,2025-12-23_03-54-27,-15,-10,-5
35,2025-12-23_03-54-27,0,0,0
36,2025-12-23_03-54-27,-2169,-627,-1542
37,2025-12-23_03-54-27,-494,-190,-304
38,2025-12-23_03-54-27,-785,-287,-498
39,2025-12-23_03-54-27,117,63,54
40,2025-12-23_03-54-27,-76,-41,-35
41,2025-12-23_03-54-27,-404,-171,-233
42,2025-12-23_03-54-27,-10,-1,-9
43,2025-12-23_03-54-27,-236,-120,-116
44,2025-12-23_03-54-27,-79,-37,-42
45,2025-12-23_03-54-27,-27,-11,-16
46,2025-12-23_03-54-27,-5,-8,3
47,2025-12-23_03-54-27,63226,30894,32332
48,2025-12-23_03-54-27,152,90,62
49,2025-12-23_03-54-27,-2,0,-2
50,2025-12-23_03-54-27,-351,-150,-201
51,2025-12-23_03-54-27,0,-2,2
53,2025-12-23_03-54-27,-412,-149,-263
54,2025-12-23_03-54-27,369,139,230
55,2025-12-23_03-54-27,-9,-8,-1
56,2025-12-23_03-54-27,0,0,0
57,2025-12-23_03-54-27,-1,-1,0
58,2025-12-23_03-54-27,282,73,209
59,2025-12-23_03-54-27,196,77,119
60,2025-12-23_03-54-27,5,0,5
61,2025-12-23_03-54-27,-12,-1,-11
62,2025-12-23_03-54-27,-4,-2,-2
63,2025-12-23_03-54-27,131,51,80
64,2025-12-23_03-54-27,-2875,-1185,-1690
65,2025-12-23_03-54-27,-29,-19,-10
389,2025-12-23_03-54-27,-46,-32,-14
456,2025-12-23_03-54-27,12,11,1
677,2025-12-23_03-54-27,-20,-19,-1
688,2025-12-23_03-54-27,21,-1,22
701,2025-12-23_03-54-27,-12,-5,-7
702,2025-12-23_03-54-27,-1,-1,0
703,2025-12-23_03-54-27,384,180,204
710,2025-12-23_03-54-27,-26,-12,-14
719,2025-12-23_03-54-27,31,15,16
754,2025-12-23_03-54-27,5,0,5
757,2025-12-23_03-54-27,8,-1,9
768,2025-12-23_03-54-27,6,1,5
183,2025-12-23_03-54-27,-10,-1,-9
184,2025-12-23_03-54-27,-30,-15,-15
185,2025-12-23_03-54-27,20,17,3
186,2025-12-23_03-54-27,-5,-1,-4
187,2025-12-23_03-54-27,-9,-1,-8
188,2025-12-23_03-54-27,32,15,17
189,2025-12-23_03-54-27,-2,0,-2
190,2025-12-23_03-54-27,98,20,78
191,2025-12-23_03-54-27,-4271,-1823,-2448
192,2025-12-23_03-54-27,-150,-51,-99
193,2025-12-23_03-54-27,-10,-9,-1
194,2025-12-23_03-54-27,0,-3,3
195,2025-12-23_03-54-27,20,12,8
196,2025-12-23_03-54-27,-1,-2,1
197,2025-12-23_03-54-27,134,65,69
198,2025-12-23_03-54-27,-372,-194,-178
199,2025-12-23_03-54-27,24,6,18
200,2025-12-23_03-54-27,-674,-343,-331
201,2025-12-23_03-54-27,0,0,0
202,2025-12-23_03-54-27,2,0,2
203,2025-12-23_03-54-27,11,1,10
204,2025-12-23_03-54-27,0,0,0
205,2025-12-23_03-54-27,-150,-105,-45
206,2025-12-23_03-54-27,28,12,16
207,2025-12-23_03-54-27,-20,-13,-7
208,2025-12-23_03-54-27,0,0,0
209,2025-12-23_03-54-27,3,2,1
210,2025-12-23_03-54-27,-6,-2,-4
211,2025-12-23_03-54-27,-206,-110,-96
212,2025-12-23_03-54-27,-1,0,-1
213,2025-12-23_03-54-27,1,11,-10
214,2025-12-23_03-54-27,16,14,2
215,2025-12-23_03-54-27,-412,-150,-262
216,2025-12-23_03-54-27,-2,1,-3
217,2025-12-23_03-54-27,-607,-318,-289
218,2025-12-23_03-54-27,-135,-59,-76
219,2025-12-23_03-54-27,-9,-7,-2
470,2025-12-23_03-54-27,-81,-72,-9
676,2025-12-23_03-54-27,44,1,43
680,2025-12-23_03-54-27,182,74,108
722,2025-12-23_03-54-27,-10,-6,-4
66,2025-12-23_03-54-27,-5,-4,-1
67,2025-12-23_03-54-27,-928,-415,-513
68,2025-12-23_03-54-27,-80,-33,-47
69,2025-12-23_03-54-27,2,-2,4
70,2025-12-23_03-54-27,-5,-3,-2
71,2025-12-23_03-54-27,-1,0,-1
72,2025-12-23_03-54-27,-829,5,-834
73,2025-12-23_03-54-27,-38,-9,-29
74,2025-12-23_03-54-27,-307,-38,-269
75,2025-12-23_03-54-27,-7,-11,4
76,2025-12-23_03-54-27,-6,0,-6
77,2025-12-23_03-54-27,-88,-36,-52
78,2025-12-23_03-54-27,43,18,25
79,2025-12-23_03-54-27,-5,-2,-3
80,2025-12-23_03-54-27,3,8,-5
81,2025-12-23_03-54-27,-71,-72,1
82,2025-12-23_03-54-27,16505,8113,8392
84,2025-12-23_03-54-27,816,182,634
85,2025-12-23_03-54-27,-271,-113,-158
86,2025-12-23_03-54-27,17,6,11
87,2025-12-23_03-54-27,13,0,13
88,2025-12-23_03-54-27,8,6,2
89,2025-12-23_03-54-27,-3,0,-3
90,2025-12-23_03-54-27,-36,-3,-33
91,2025-12-23_03-54-27,0,0,0
92,2025-12-23_03-54-27,-3,-3,0
93,2025-12-23_03-54-27,-30,-19,-11
94,2025-12-23_03-54-27,-2,-1,-1
95,2025-12-23_03-54-27,-7,-1,-6
96,2025-12-23_03-54-27,-3,-2,-1
97,2025-12-23_03-54-27,-1508,-658,-850
98,2025-12-23_03-54-27,-25,1,-26
99,2025-12-23_03-54-27,-20,-11,-9
100,2025-12-23_03-54-27,-1915,-605,-1310
391,2025-12-23_03-54-27,-5,-2,-3
685,2025-12-23_03-54-27,-60,-44,-16
687,2025-12-23_03-54-27,0,1,-1
697,2025-12-23_03-54-27,-11,5,-16
713,2025-12-23_03-54-27,-12,-12,0
721,2025-12-23_03-54-27,-8,-4,-4
756,2025-12-23_03-54-27,6,-3,9
27,2025-12-23_03-54-27,-12,-4,-8
83,2025-12-23_03-54-27,-1413,-540,-873
101,2025-12-23_03-54-27,1467,699,768
102,2025-12-23_03-54-27,-12,-5,-7
103,2025-12-23_03-54-27,82,45,37
104,2025-12-23_03-54-27,7,-1,8
105,2025-12-23_03-54-27,-47,-16,-31
106,2025-12-23_03-54-27,-51,-11,-40
107,2025-12-23_03-54-27,6726,2838,3888
108,2025-12-23_03-54-27,-40,-9,-31
109,2025-12-23_03-54-27,36,14,22
110,2025-12-23_03-54-27,-30,7,-37
111,2025-12-23_03-54-27,-3,-6,3
112,2025-12-23_03-54-27,0,0,0
113,2025-12-23_03-54-27,50,39,11
114,2025-12-23_03-54-27,-17,-4,-13
115,2025-12-23_03-54-27,-6,-4,-2
116,2025-12-23_03-54-27,-11,2,-13
117,2025-12-23_03-54-27,-5,-7,2
118,2025-12-23_03-54-27,-3,-1,-2
120,2025-12-23_03-54-27,-79,-16,-63
121,2025-12-23_03-54-27,-80,-39,-41
122,2025-12-23_03-54-27,-3,-1,-2
123,2025-12-23_03-54-27,-29,-18,-11
124,2025-12-23_03-54-27,117,56,61
125,2025-12-23_03-54-27,93,34,59
126,2025-12-23_03-54-27,2,6,-4
127,2025-12-23_03-54-27,-1,0,-1
128,2025-12-23_03-54-27,-13,-7,-6
129,2025-12-23_03-54-27,24,13,11
130,2025-12-23_03-54-27,-6,7,-13
131,2025-12-23_03-54-27,45,15,30
132,2025-12-23_03-54-27,13,2,11
133,2025-12-23_03-54-27,2,3,-1
134,2025-12-23_03-54-27,0,0,0
136,2025-12-23_03-54-27,-56451,-19478,-36973
137,2025-12-23_03-54-27,-41,-12,-29
748,2025-12-23_03-54-27,0,0,0
138,2025-12-23_03-54-27,-13,-4,-9
139,2025-12-23_03-54-27,844,261,583
140,2025-12-23_03-54-27,10,0,10
141,2025-12-23_03-54-27,-1,0,-1
142,2025-12-23_03-54-27,0,0,0
143,2025-12-23_03-54-27,33,10,23
144,2025-12-23_03-54-27,3,0,3
145,2025-12-23_03-54-27,1171,512,659
146,2025-12-23_03-54-27,-89,-53,-36
147,2025-12-23_03-54-27,0,0,0
148,2025-12-23_03-54-27,40,7,33
150,2025-12-23_03-54-27,-6,-5,-1
151,2025-12-23_03-54-27,-1811,-653,-1158
152,2025-12-23_03-54-27,-4,0,-4
153,2025-12-23_03-54-27,0,0,0
154,2025-12-23_03-54-27,0,-1,1
155,2025-12-23_03-54-27,-3,-5,2
156,2025-12-23_03-54-27,-7,-4,-3
157,2025-12-23_03-54-27,-78,-22,-56
158,2025-12-23_03-54-27,-14,-15,1
159,2025-12-23_03-54-27,1,0,1
160,2025-12-23_03-54-27,-4134,-1633,-2501
161,2025-12-23_03-54-27,-1,0,-1
162,2025-12-23_03-54-27,1,0,1
163,2025-12-23_03-54-27,13,1,12
164,2025-12-23_03-54-27,-12,-6,-6
165,2025-12-23_03-54-27,0,0,0
166,2025-12-23_03-54-27,26,11,15
167,2025-12-23_03-54-27,-507,-323,-184
169,2025-12-23_03-54-27,-22,-10,-12
170,2025-12-23_03-54-27,11,12,-1
171,2025-12-23_03-54-27,0,0,0
172,2025-12-23_03-54-27,1,-3,4
173,2025-12-23_03-54-27,-93,-69,-24
174,2025-12-23_03-54-27,0,0,0
175,2025-12-23_03-54-27,3,12,-9
176,2025-12-23_03-54-27,-1,-2,1
177,2025-12-23_03-54-27,0,0,0
178,2025-12-23_03-54-27,-12085,-5283,-6802
179,2025-12-23_03-54-27,0,0,0
180,2025-12-23_03-54-27,-11,-14,3
181,2025-12-23_03-54-27,-62,-12,-50
744,2025-12-23_03-54-27,-2,1,-3
761,2025-12-23_03-54-27,7,4,3
168,2025-12-23_03-54-27,-3,2,-5
220,2025-12-23_03-54-27,-386,-224,-162
221,2025-12-23_03-54-27,-12,-3,-9
222,2025-12-23_03-54-27,0,-1,1
223,2025-12-23_03-54-27,4,-1,5
224,2025-12-23_03-54-27,-5429,-2344,-3085
225,2025-12-23_03-54-27,3550,1923,1627
226,2025-12-23_03-54-27,3531,1963,1568
227,2025-12-23_03-54-27,-4,-3,-1
228,2025-12-23_03-54-27,-280,-128,-152
229,2025-12-23_03-54-27,-1,-3,2
230,2025-12-23_03-54-27,334,104,230
231,2025-12-23_03-54-27,0,0,0
232,2025-12-23_03-54-27,-82,-30,-52
233,2025-12-23_03-54-27,-223,-88,-135
234,2025-12-23_03-54-27,-2,0,-2
235,2025-12-23_03-54-27,2414,1156,1258
236,2025-12-23_03-54-27,-2232,-1019,-1213
237,2025-12-23_03-54-27,-4518,-1987,-2531
238,2025-12-23_03-54-27,-1707,-945,-762
239,2025-12-23_03-54-27,-16,-2,-14
240,2025-12-23_03-54-27,-1,0,-1
241,2025-12-23_03-54-27,-52,-92,40
243,2025-12-23_03-54-27,-8,-5,-3
244,2025-12-23_03-54-27,-2,-1,-1
245,2025-12-23_03-54-27,0,0,0
246,2025-12-23_03-54-27,-10,-5,-5
247,2025-12-23_03-54-27,-12,-6,-6
248,2025-12-23_03-54-27,-1,0,-1
249,2025-12-23_03-54-27,-6697,-3077,-3620
250,2025-12-23_03-54-27,-85,-53,-32
251,2025-12-23_03-54-27,-3,-3,0
252,2025-12-23_03-54-27,-6704,-1744,-4960
453,2025-12-23_03-54-27,21,-29,50
672,2025-12-23_03-54-27,-12,-11,-1
743,2025-12-23_03-54-27,0,2,-2
253,2025-12-23_03-54-27,-2012,-896,-1116
254,2025-12-23_03-54-27,-15,-10,-5
255,2025-12-23_03-54-27,7,6,1
256,2025-12-23_03-54-27,-10508,-5101,-5407
257,2025-12-23_03-54-27,-2462,-840,-1622
258,2025-12-23_03-54-27,-698,-305,-393
259,2025-12-23_03-54-27,-4,6,-10
260,2025-12-23_03-54-27,-1375,-79,-1296
261,2025-12-23_03-54-27,-674,-205,-469
262,2025-12-23_03-54-27,-2,-4,2
263,2025-12-23_03-54-27,123,32,91
264,2025-12-23_03-54-27,-3,0,-3
265,2025-12-23_03-54-27,0,0,0
267,2025-12-23_03-54-27,-1077,-681,-396
268,2025-12-23_03-54-27,0,0,0
269,2025-12-23_03-54-27,-8,2,-10
270,2025-12-23_03-54-27,32,8,24
271,2025-12-23_03-54-27,-97,-47,-50
272,2025-12-23_03-54-27,3,-4,7
273,2025-12-23_03-54-27,469,180,289
274,2025-12-23_03-54-27,8,6,2
275,2025-12-23_03-54-27,1,-2,3
276,2025-12-23_03-54-27,2175,361,1814
277,2025-12-23_03-54-27,0,0,0
278,2025-12-23_03-54-27,-5,-2,-3
279,2025-12-23_03-54-27,0,0,0
280,2025-12-23_03-54-27,-1,0,-1
281,2025-12-23_03-54-27,1,5,-4
282,2025-12-23_03-54-27,-1,0,-1
283,2025-12-23_03-54-27,-14539,-6426,-8113
284,2025-12-23_03-54-27,-87,-75,-12
285,2025-12-23_03-54-27,-10,-9,-1
286,2025-12-23_03-54-27,-19,-33,14
690,2025-12-23_03-54-27,-70,-33,-37
712,2025-12-23_03-54-27,-65,-30,-35
723,2025-12-23_03-54-27,-1,-3,2
732,2025-12-23_03-54-27,22,17,5
762,2025-12-23_03-54-27,6,9,-3
242,2025-12-23_03-54-27,-13421,-5637,-7784
287,2025-12-23_03-54-27,1280,579,701
288,2025-12-23_03-54-27,-11,2,-13
289,2025-12-23_03-54-27,3,-4,7
290,2025-12-23_03-54-27,-8,-2,-6
291,2025-12-23_03-54-27,2345,968,1377
292,2025-12-23_03-54-27,397,193,204
293,2025-12-23_03-54-27,186,101,85
294,2025-12-23_03-54-27,-7,-6,-1
295,2025-12-23_03-54-27,8897,3264,5633
296,2025-12-23_03-54-27,4,2,2
297,2025-12-23_03-54-27,-4,-10,6
298,2025-12-23_03-54-27,-6,-2,-4
299,2025-12-23_03-54-27,-4465,-2200,-2265
300,2025-12-23_03-54-27,96,29,67
301,2025-12-23_03-54-27,157,57,100
302,2025-12-23_03-54-27,-31,-15,-16
303,2025-12-23_03-54-27,749,219,530
304,2025-12-23_03-54-27,26,5,21
305,2025-12-23_03-54-27,-3,-4,1
306,2025-12-23_03-54-27,17,14,3
307,2025-12-23_03-54-27,10,5,5
308,2025-12-23_03-54-27,-1,0,-1
309,2025-12-23_03-54-27,0,0,0
310,2025-12-23_03-54-27,218,68,150
311,2025-12-23_03-54-27,-250,-129,-121
312,2025-12-23_03-54-27,-7,-1,-6
313,2025-12-23_03-54-27,-6,-2,-4
419,2025-12-23_03-54-27,4594,1329,3265
630,2025-12-23_03-54-27,-32,-20,-12
667,2025-12-23_03-54-27,0,-1,1
704,2025-12-23_03-54-27,-5,-2,-3
705,2025-12-23_03-54-27,-6,0,-6
707,2025-12-23_03-54-27,-9,6,-15
728,2025-12-23_03-54-27,-1,0,-1
314,2025-12-23_03-54-27,-97,-39,-58
315,2025-12-23_03-54-27,0,0,0
316,2025-12-23_03-54-27,783,88,695
317,2025-12-23_03-54-27,-29,-145,116
318,2025-12-23_03-54-27,-421,-152,-269
319,2025-12-23_03-54-27,-55,2,-57
320,2025-12-23_03-54-27,-2,5,-7
321,2025-12-23_03-54-27,14,-3,17
322,2025-12-23_03-54-27,355,-57,412
323,2025-12-23_03-54-27,-3,2,-5
324,2025-12-23_03-54-27,-643,-314,-329
325,2025-12-23_03-54-27,423,185,238
326,2025-12-23_03-54-27,-17,3,-20
327,2025-12-23_03-54-27,-5,-1,-4
328,2025-12-23_03-54-27,-246,-114,-132
329,2025-12-23_03-54-27,5549,8864,-3315
330,2025-12-23_03-54-27,2,5,-3
331,2025-12-23_03-54-27,-5,2,-7
332,2025-12-23_03-54-27,5,-7,12
333,2025-12-23_03-54-27,-3,-2,-1
334,2025-12-23_03-54-27,0,0,0
335,2025-12-23_03-54-27,-651,-134,-517
336,2025-12-23_03-54-27,-7,-17,10
337,2025-12-23_03-54-27,-3067,-792,-2275
338,2025-12-23_03-54-27,-104,-55,-49
664,2025-12-23_03-54-27,-15,-2,-13
727,2025-12-23_03-54-27,-504,-177,-327
731,2025-12-23_03-54-27,112,0,112
737,2025-12-23_03-54-27,-4,-13,9
339,2025-12-23_03-54-27,-37,-18,-19
340,2025-12-23_03-54-27,-5,0,-5
341,2025-12-23_03-54-27,37,0,37
342,2025-12-23_03-54-27,50,28,22
343,2025-12-23_03-54-27,35,30,5
344,2025-12-23_03-54-27,427,194,233
345,2025-12-23_03-54-27,-12,-6,-6
346,2025-12-23_03-54-27,-22,-8,-14
347,2025-12-23_03-54-27,1050,369,681
348,2025-12-23_03-54-27,-67,31,-98
349,2025-12-23_03-54-27,-6,0,-6
350,2025-12-23_03-54-27,77,15,62
351,2025-12-23_03-54-27,15,1,14
352,2025-12-23_03-54-27,2,2,0
353,2025-12-23_03-54-27,-17,-9,-8
354,2025-12-23_03-54-27,359,179,180
355,2025-12-23_03-54-27,-1,0,-1
356,2025-12-23_03-54-27,33,13,20
357,2025-12-23_03-54-27,-1,-1,0
358,2025-12-23_03-54-27,21,15,6
359,2025-12-23_03-54-27,0,0,0
360,2025-12-23_03-54-27,-2,0,-2
361,2025-12-23_03-54-27,-2,-1,-1
362,2025-12-23_03-54-27,-60,-26,-34
363,2025-12-23_03-54-27,-18,-12,-6
364,2025-12-23_03-54-27,-1,0,-1
365,2025-12-23_03-54-27,-311,-153,-158
493,2025-12-23_03-54-27,-104,-60,-44
660,2025-12-23_03-54-27,5992,2053,3939
665,2025-12-23_03-54-27,19,-5,24
691,2025-12-23_03-54-27,16459,7519,8940
698,2025-12-23_03-54-27,32,4,28
706,2025-12-23_03-54-27,-1,4,-5
741,2025-12-23_03-54-27,11,16,-5
366,2025-12-23_03-54-27,2057,825,1232
367,2025-12-23_03-54-27,-193,-93,-100
368,2025-12-23_03-54-27,-59,-29,-30
369,2025-12-23_03-54-27,-21,-2,-19
370,2025-12-23_03-54-27,1527,547,980
371,2025-12-23_03-54-27,524,161,363
372,2025-12-23_03-54-27,-11,-7,-4
373,2025-12-23_03-54-27,5591,2205,3386
374,2025-12-23_03-54-27,3059,1064,1995
375,2025-12-23_03-54-27,-74,-44,-30
376,2025-12-23_03-54-27,-80,-35,-45
377,2025-12-23_03-54-27,-1,0,-1
378,2025-12-23_03-54-27,-62,-24,-38
379,2025-12-23_03-54-27,-39,-19,-20
380,2025-12-23_03-54-27,-40,-13,-27
381,2025-12-23_03-54-27,-2984,-1658,-1326
382,2025-12-23_03-54-27,25992,8375,17617
383,2025-12-23_03-54-27,-2,0,-2
384,2025-12-23_03-54-27,-2966,-1520,-1446
385,2025-12-23_03-54-27,423,120,303
386,2025-12-23_03-54-27,1294,457,837
387,2025-12-23_03-54-27,-8797,-3911,-4886
388,2025-12-23_03-54-27,358,132,226
390,2025-12-23_03-54-27,6266,1675,4591
392,2025-12-23_03-54-27,-11,-7,-4
393,2025-12-23_03-54-27,-7,-3,-4
394,2025-12-23_03-54-27,-2,0,-2
395,2025-12-23_03-54-27,0,0,0
396,2025-12-23_03-54-27,-91,-38,-53
397,2025-12-23_03-54-27,-5,-2,-3
398,2025-12-23_03-54-27,-8,-4,-4
499,2025-12-23_03-54-27,-2467,-950,-1517
661,2025-12-23_03-54-27,88047,30755,57292
686,2025-12-23_03-54-27,366,208,158
692,2025-12-23_03-54-27,-2,0,-2
746,2025-12-23_03-54-27,5,-2,7
760,2025-12-23_03-54-27,6,1,5
182,2025-12-23_03-54-27,-94,-35,-59
399,2025-12-23_03-54-27,-25,-19,-6
400,2025-12-23_03-54-27,-11,-7,-4
401,2025-12-23_03-54-27,-15,-6,-9
402,2025-12-23_03-54-27,-539,-291,-248
403,2025-12-23_03-54-27,2923,922,2001
404,2025-12-23_03-54-27,-7,-5,-2
405,2025-12-23_03-54-27,-42,-30,-12
406,2025-12-23_03-54-27,-11,-7,-4
407,2025-12-23_03-54-27,2367,805,1562
408,2025-12-23_03-54-27,1823,1282,541
409,2025-12-23_03-54-27,-121,-73,-48
410,2025-12-23_03-54-27,-79,-54,-25
411,2025-12-23_03-54-27,3380,1532,1848
412,2025-12-23_03-54-27,0,0,0
413,2025-12-23_03-54-27,-203,-123,-80
414,2025-12-23_03-54-27,15532,7647,7885
415,2025-12-23_03-54-27,-21,-3,-18
416,2025-12-23_03-54-27,48,24,24
417,2025-12-23_03-54-27,8227,3721,4506
418,2025-12-23_03-54-27,-7087,-3423,-3664
420,2025-12-23_03-54-27,-3,0,-3
421,2025-12-23_03-54-27,-26,-13,-13
422,2025-12-23_03-54-27,-3,-1,-2
423,2025-12-23_03-54-27,-16,-19,3
424,2025-12-23_03-54-27,-44,-36,-8
425,2025-12-23_03-54-27,0,0,0
427,2025-12-23_03-54-27,1375,351,1024
428,2025-12-23_03-54-27,-1,0,-1
429,2025-12-23_03-54-27,-2,-1,-1
430,2025-12-23_03-54-27,2838,1600,1238
736,2025-12-23_03-54-27,538,216,322
739,2025-12-23_03-54-27,-1,4,-5
740,2025-12-23_03-54-27,-2,-3,1
742,2025-12-23_03-54-27,-2,0,-2
763,2025-12-23_03-54-27,4,2,2
764,2025-12-23_03-54-27,0,2,-2
119,2025-12-23_03-54-27,-14515,-7467,-7048
431,2025-12-23_03-54-27,-29,-10,-19
432,2025-12-23_03-54-27,-2,-1,-1
433,2025-12-23_03-54-27,0,0,0
434,2025-12-23_03-54-27,2,4,-2
435,2025-12-23_03-54-27,4,4,0
436,2025-12-23_03-54-27,-954,-553,-401
437,2025-12-23_03-54-27,234,86,148
438,2025-12-23_03-54-27,-76,-43,-33
439,2025-12-23_03-54-27,6,0,6
440,2025-12-23_03-54-27,476,133,343
441,2025-12-23_03-54-27,415,135,280
442,2025-12-23_03-54-27,-93,-47,-46
443,2025-12-23_03-54-27,-48,-20,-28
444,2025-12-23_03-54-27,-177,-49,-128
445,2025-12-23_03-54-27,-5,-1,-4
446,2025-12-23_03-54-27,4,-3,7
447,2025-12-23_03-54-27,1108,451,657
448,2025-12-23_03-54-27,-24,-6,-18
449,2025-12-23_03-54-27,-141099,-57626,-83473
450,2025-12-23_03-54-27,36713,13875,22838
451,2025-12-23_03-54-27,0,0,0
452,2025-12-23_03-54-27,-670,-341,-329
454,2025-12-23_03-54-27,-3,0,-3
455,2025-12-23_03-54-27,1574,501,1073
457,2025-12-23_03-54-27,453,140,313
458,2025-12-23_03-54-27,-235,-139,-96
459,2025-12-23_03-54-27,39,25,14
460,2025-12-23_03-54-27,-1,0,-1
461,2025-12-23_03-54-27,3,-3,6
462,2025-12-23_03-54-27,71,23,48
463,2025-12-23_03-54-27,9,4,5
464,2025-12-23_03-54-27,0,-2,2
465,2025-12-23_03-54-27,-4,-2,-2
466,2025-12-23_03-54-27,-226,-155,-71
467,2025-12-23_03-54-27,580,233,347
468,2025-12-23_03-54-27,-9,-1,-8
681,2025-12-23_03-54-27,179,-9,188
733,2025-12-23_03-54-27,-495,-309,-186
755,2025-12-23_03-54-27,15,8,7
769,2025-12-23_03-54-27,5,1,4
52,2025-12-23_03-54-27,33,11,22
135,2025-12-23_03-54-27,-198,-69,-129
469,2025-12-23_03-54-27,-1383,-640,-743
471,2025-12-23_03-54-27,2,-8,10
472,2025-12-23_03-54-27,-3,-2,-1
473,2025-12-23_03-54-27,252,101,151
474,2025-12-23_03-54-27,-221,-105,-116
475,2025-12-23_03-54-27,-81,-45,-36
476,2025-12-23_03-54-27,-7443,-3239,-4204
477,2025-12-23_03-54-27,-2425,-1044,-1381
478,2025-12-23_03-54-27,-265,-163,-102
479,2025-12-23_03-54-27,-5,-3,-2
480,2025-12-23_03-54-27,-21,-8,-13
481,2025-12-23_03-54-27,45,19,26
482,2025-12-23_03-54-27,-8,-6,-2
483,2025-12-23_03-54-27,-47,-5,-42
484,2025-12-23_03-54-27,-8,-8,0
485,2025-12-23_03-54-27,11646,3550,8096
486,2025-12-23_03-54-27,-276,-125,-151
487,2025-12-23_03-54-27,-861,-331,-530
488,2025-12-23_03-54-27,-3750,-1592,-2158
489,2025-12-23_03-54-27,71,-9,80
490,2025-12-23_03-54-27,-8,18,-26
491,2025-12-23_03-54-27,149,54,95
492,2025-12-23_03-54-27,0,0,0
494,2025-12-23_03-54-27,7,8,-1
495,2025-12-23_03-54-27,0,-1,1
496,2025-12-23_03-54-27,-4,0,-4
497,2025-12-23_03-54-27,4123,1108,3015
498,2025-12-23_03-54-27,0,0,0
500,2025-12-23_03-54-27,-28,-14,-14
501,2025-12-23_03-54-27,-27,-14,-13
674,2025-12-23_03-54-27,-147,-74,-73
684,2025-12-23_03-54-27,-263,-52,-211
689,2025-12-23_03-54-27,-17,-12,-5
714,2025-12-23_03-54-27,7008,3511,3497
753,2025-12-23_03-54-27,2,-3,5
765,2025-12-23_03-54-27,17,10,7
12,2025-12-23_03-54-27,7,15,-8
426,2025-12-23_03-54-27,-18,-1,-17
502,2025-12-23_03-54-27,-2262,-792,-1470
503,2025-12-23_03-54-27,-6,-5,-1
504,2025-12-23_03-54-27,-12,-1,-11
505,2025-12-23_03-54-27,-816,-179,-637
506,2025-12-23_03-54-27,-310,-54,-256
507,2025-12-23_03-54-27,-193,-78,-115
508,2025-12-23_03-54-27,-981,-192,-789
509,2025-12-23_03-54-27,-1,0,-1
510,2025-12-23_03-54-27,3,1,2
511,2025-12-23_03-54-27,-11,-2,-9
512,2025-12-23_03-54-27,0,0,0
513,2025-12-23_03-54-27,153,88,65
514,2025-12-23_03-54-27,-57,-26,-31
515,2025-12-23_03-54-27,-1341,-261,-1080
516,2025-12-23_03-54-27,-240,56,-296
517,2025-12-23_03-54-27,-2064,-617,-1447
518,2025-12-23_03-54-27,0,0,0
519,2025-12-23_03-54-27,0,-1,1
520,2025-12-23_03-54-27,0,0,0
521,2025-12-23_03-54-27,-34,-10,-24
522,2025-12-23_03-54-27,-24,-16,-8
523,2025-12-23_03-54-27,-3,-1,-2
524,2025-12-23_03-54-27,0,0,0
525,2025-12-23_03-54-27,-482,-218,-264
526,2025-12-23_03-54-27,-1202,-241,-961
527,2025-12-23_03-54-27,-13,-12,-1
669,2025-12-23_03-54-27,-312,-51,-261
675,2025-12-23_03-54-27,-61,-37,-24
693,2025-12-23_03-54-27,17,-3,20
696,2025-12-23_03-54-27,-29,0,-29
699,2025-12-23_03-54-27,16,6,10
715,2025-12-23_03-54-27,90,39,51
716,2025-12-23_03-54-27,-99,-18,-81
729,2025-12-23_03-54-27,0,0,0
734,2025-12-23_03-54-27,4,2,2
528,2025-12-23_03-54-27,-8,-2,-6
529,2025-12-23_03-54-27,-28,-4,-24
530,2025-12-23_03-54-27,-15,-6,-9
531,2025-12-23_03-54-27,4159,1625,2534
532,2025-12-23_03-54-27,173,95,78
533,2025-12-23_03-54-27,0,0,0
534,2025-12-23_03-54-27,-32,-10,-22
535,2025-12-23_03-54-27,5,1,4
536,2025-12-23_03-54-27,6,2,4
537,2025-12-23_03-54-27,-5,-2,-3
538,2025-12-23_03-54-27,-19,-8,-11
539,2025-12-23_03-54-27,-15,-10,-5
540,2025-12-23_03-54-27,-44,-24,-20
541,2025-12-23_03-54-27,-1335,-540,-795
542,2025-12-23_03-54-27,-5,-1,-4
543,2025-12-23_03-54-27,-2,-5,3
544,2025-12-23_03-54-27,-3,-3,0
545,2025-12-23_03-54-27,0,0,0
546,2025-12-23_03-54-27,-3,0,-3
547,2025-12-23_03-54-27,1943,577,1366
548,2025-12-23_03-54-27,-1,-1,0
549,2025-12-23_03-54-27,-4,3,-7
550,2025-12-23_03-54-27,-2,-1,-1
551,2025-12-23_03-54-27,11,3,8
552,2025-12-23_03-54-27,-23,-14,-9
553,2025-12-23_03-54-27,-96,-40,-56
554,2025-12-23_03-54-27,-37,-28,-9
555,2025-12-23_03-54-27,-1,-1,0
556,2025-12-23_03-54-27,-1,0,-1
557,2025-12-23_03-54-27,15,2,13
558,2025-12-23_03-54-27,30,26,4
559,2025-12-23_03-54-27,-2,-2,0
560,2025-12-23_03-54-27,-1239,-573,-666
561,2025-12-23_03-54-27,-65,-28,-37
562,2025-12-23_03-54-27,-63,-23,-40
563,2025-12-23_03-54-27,-6,-3,-3
564,2025-12-23_03-54-27,-7,-1,-6
668,2025-12-23_03-54-27,1856,541,1315
670,2025-12-23_03-54-27,4019,1907,2112
678,2025-12-23_03-54-27,-149,-89,-60
683,2025-12-23_03-54-27,3616,1251,2365
694,2025-12-23_03-54-27,3318,1247,2071
724,2025-12-23_03-54-27,18,7,11
730,2025-12-23_03-54-27,-4,7,-11
735,2025-12-23_03-54-27,-38,-21,-17
565,2025-12-23_03-54-27,-1463,-737,-726
566,2025-12-23_03-54-27,-9,4,-13
567,2025-12-23_03-54-27,-90,-36,-54
568,2025-12-23_03-54-27,-2492,-1152,-1340
569,2025-12-23_03-54-27,-3975,-2031,-1944
570,2025-12-23_03-54-27,-4,1,-5
571,2025-12-23_03-54-27,2,4,-2
572,2025-12-23_03-54-27,8,4,4
573,2025-12-23_03-54-27,-34,-29,-5
574,2025-12-23_03-54-27,-88,-29,-59
575,2025-12-23_03-54-27,-7245,-3054,-4191
576,2025-12-23_03-54-27,0,0,0
577,2025-12-23_03-54-27,-6,-3,-3
578,2025-12-23_03-54-27,-44,-13,-31
579,2025-12-23_03-54-27,-1,-3,2
580,2025-12-23_03-54-27,-173,-91,-82
581,2025-12-23_03-54-27,-1,-2,1
582,2025-12-23_03-54-27,-2822,-1527,-1295
583,2025-12-23_03-54-27,-1,-1,0
584,2025-12-23_03-54-27,-8,-8,0
585,2025-12-23_03-54-27,-30,-11,-19
586,2025-12-23_03-54-27,13,-5,18
587,2025-12-23_03-54-27,-3,1,-4
588,2025-12-23_03-54-27,-2,0,-2
589,2025-12-23_03-54-27,0,0,0
590,2025-12-23_03-54-27,-2,0,-2
591,2025-12-23_03-54-27,14,16,-2
592,2025-12-23_03-54-27,0,0,0
593,2025-12-23_03-54-27,-457,-243,-214
594,2025-12-23_03-54-27,0,0,0
595,2025-12-23_03-54-27,12,16,-4
596,2025-12-23_03-54-27,-32,-21,-11
597,2025-12-23_03-54-27,-1114,-554,-560
598,2025-12-23_03-54-27,-3,-2,-1
599,2025-12-23_03-54-27,-64,-41,-23
673,2025-12-23_03-54-27,-290,-175,-115
717,2025-12-23_03-54-27,-1490,-788,-702
726,2025-12-23_03-54-27,-115,-59,-56
745,2025-12-23_03-54-27,-1,-2,1
750,2025-12-23_03-54-27,-5,-4,-1
751,2025-12-23_03-54-27,3,-2,5
149,2025-12-23_03-54-27,-4,-1,-3
600,2025-12-23_03-54-27,118,22,96
601,2025-12-23_03-54-27,-31,-14,-17
602,2025-12-23_03-54-27,15,13,2
603,2025-12-23_03-54-27,-1082,-467,-615
604,2025-12-23_03-54-27,-6,-2,-4
605,2025-12-23_03-54-27,9,4,5
606,2025-12-23_03-54-27,12,8,4
607,2025-12-23_03-54-27,-2,0,-2
608,2025-12-23_03-54-27,-2,-5,3
609,2025-12-23_03-54-27,15,5,10
610,2025-12-23_03-54-27,-1485,-732,-753
611,2025-12-23_03-54-27,-6,-2,-4
612,2025-12-23_03-54-27,616,121,495
613,2025-12-23_03-54-27,-24,-17,-7
614,2025-12-23_03-54-27,5,-4,9
615,2025-12-23_03-54-27,84,15,69
616,2025-12-23_03-54-27,-2,-1,-1
617,2025-12-23_03-54-27,-2,0,-2
618,2025-12-23_03-54-27,1,2,-1
619,2025-12-23_03-54-27,1,-2,3
620,2025-12-23_03-54-27,-2,2,-4
621,2025-12-23_03-54-27,73,40,33
622,2025-12-23_03-54-27,-4,-1,-3
623,2025-12-23_03-54-27,825,159,666
624,2025-12-23_03-54-27,2370,688,1682
625,2025-12-23_03-54-27,-30,-35,5
626,2025-12-23_03-54-27,-110,-30,-80
659,2025-12-23_03-54-27,40,-3,43
671,2025-12-23_03-54-27,-572,-241,-331
679,2025-12-23_03-54-27,-23,-16,-7
708,2025-12-23_03-54-27,415,125,290
718,2025-12-23_03-54-27,16,8,8
738,2025-12-23_03-54-27,11,13,-2
747,2025-12-23_03-54-27,1,1,0
752,2025-12-23_03-54-27,0,-6,6
758,2025-12-23_03-54-27,0,2,-2
627,2025-12-23_03-54-27,-34,-13,-21
628,2025-12-23_03-54-27,-104,-50,-54
629,2025-12-23_03-54-27,-76,-38,-38
631,2025-12-23_03-54-27,-31,-16,-15
632,2025-12-23_03-54-27,-5,0,-5
633,2025-12-23_03-54-27,-17,-9,-8
634,2025-12-23_03-54-27,1,-2,3
635,2025-12-23_03-54-27,-8,-4,-4
636,2025-12-23_03-54-27,-9,-2,-7
637,2025-12-23_03-54-27,-15,-2,-13
638,2025-12-23_03-54-27,783,423,360
639,2025-12-23_03-54-27,-1,0,-1
640,2025-12-23_03-54-27,-35,-14,-21
641,2025-12-23_03-54-27,-132,-51,-81
642,2025-12-23_03-54-27,-9,-7,-2
643,2025-12-23_03-54-27,-14,4,-18
644,2025-12-23_03-54-27,-9,-5,-4
645,2025-12-23_03-54-27,-3,1,-4
646,2025-12-23_03-54-27,-11,-4,-7
647,2025-12-23_03-54-27,0,0,0
648,2025-12-23_03-54-27,-13,-8,-5
649,2025-12-23_03-54-27,0,0,0
650,2025-12-23_03-54-27,-67,-46,-21
651,2025-12-23_03-54-27,56,1,55
652,2025-12-23_03-54-27,188,97,91
653,2025-12-23_03-54-27,-4,-2,-2
654,2025-12-23_03-54-27,-181,-85,-96
655,2025-12-23_03-54-27,-6,-4,-2
656,2025-12-23_03-54-27,-1,-2,1
657,2025-12-23_03-54-27,-5,-1,-4
658,2025-12-23_03-54-27,-236,-75,-161
663,2025-12-23_03-54-27,-10,-9,-1
682,2025-12-23_03-54-27,-3,-4,1
695,2025-12-23_03-54-27,-6,1,-7
709,2025-12-23_03-54-27,-4,-6,2
720,2025-12-23_03-54-27,-8,-14,6
749,2025-12-23_03-54-27,15,39,-24
766,2025-12-23_03-54-27,6,1,5
767,2025-12-23_03-54-27,6,3,3
1,2025-12-23_13-49-37,-214,-570,356
2,2025-12-23_13-49-37,-30,-19,-11
3,2025-12-23_13-49-37,-26,-14,-12
4,2025-12-23_13-49-37,52,55,-3
5,2025-12-23_13-49-37,-3415,-3295,-120
6,2025-12-23_13-49-37,2407,2133,274
7,2025-12-23_13-49-37,2367,1753,614
8,2025-12-23_13-49-37,4735,4002,733
9,2025-12-23_13-49-37,-2,-2,0
10,2025-12-23_13-49-37,-682,-546,-136
11,2025-12-23_13-49-37,-3434,-2829,-605
13,2025-12-23_13-49-37,9,20,-11
14,2025-12-23_13-49-37,-13,-6,-7
15,2025-12-23_13-49-37,1,-17,18
16,2025-12-23_13-49-37,-3768,-5413,1645
17,2025-12-23_13-49-37,66,102,-36
18,2025-12-23_13-49-37,-433,-357,-76
19,2025-12-23_13-49-37,-191,-171,-20
20,2025-12-23_13-49-37,769,602,167
21,2025-12-23_13-49-37,24640,28256,-3616
22,2025-12-23_13-49-37,-3641,-3481,-160
23,2025-12-23_13-49-37,0,-1,1
24,2025-12-23_13-49-37,-6,-4,-2
25,2025-12-23_13-49-37,1,-11,12
26,2025-12-23_13-49-37,-237,-193,-44
28,2025-12-23_13-49-37,-3,-5,2
29,2025-12-23_13-49-37,-5,-4,-1
30,2025-12-23_13-49-37,-8,-6,-2
31,2025-12-23_13-49-37,-104,-101,-3
266,2025-12-23_13-49-37,-14724,-13486,-1238
662,2025-12-23_13-49-37,-40,-47,7
666,2025-12-23_13-49-37,-1176,-1104,-72
700,2025-12-23_13-49-37,-126,-148,22
711,2025-12-23_13-49-37,-1,0,-1
725,2025-12-23_13-49-37,1830,1180,650
759,2025-12-23_13-49-37,9,-1,10
32,2025-12-23_13-49-37,62,90,-28
33,2025-12-23_13-49-37,-38,-47,9
34,2025-12-23_13-49-37,-13,-15,2
35,2025-12-23_13-49-37,-1,0,-1
36,2025-12-23_13-49-37,-2349,-2169,-180
37,2025-12-23_13-49-37,-580,-494,-86
38,2025-12-23_13-49-37,-924,-785,-139
39,2025-12-23_13-49-37,124,117,7
40,2025-12-23_13-49-37,-88,-76,-12
41,2025-12-23_13-49-37,-376,-404,28
42,2025-12-23_13-49-37,-15,-10,-5
43,2025-12-23_13-49-37,-262,-236,-26
44,2025-12-23_13-49-37,-63,-79,16
45,2025-12-23_13-49-37,-18,-27,9
46,2025-12-23_13-49-37,-10,-5,-5
47,2025-12-23_13-49-37,64192,63226,966
48,2025-12-23_13-49-37,184,152,32
49,2025-12-23_13-49-37,-2,-2,0
50,2025-12-23_13-49-37,-393,-351,-42
51,2025-12-23_13-49-37,-1,0,-1
53,2025-12-23_13-49-37,-356,-412,56
54,2025-12-23_13-49-37,488,369,119
55,2025-12-23_13-49-37,-11,-9,-2
56,2025-12-23_13-49-37,0,0,0
57,2025-12-23_13-49-37,0,-1,1
58,2025-12-23_13-49-37,365,282,83
59,2025-12-23_13-49-37,292,196,96
60,2025-12-23_13-49-37,1,5,-4
61,2025-12-23_13-49-37,-10,-12,2
62,2025-12-23_13-49-37,2,-4,6
63,2025-12-23_13-49-37,144,131,13
64,2025-12-23_13-49-37,-3251,-2875,-376
65,2025-12-23_13-49-37,-23,-29,6
389,2025-12-23_13-49-37,-54,-46,-8
456,2025-12-23_13-49-37,6,12,-6
677,2025-12-23_13-49-37,-35,-20,-15
688,2025-12-23_13-49-37,20,21,-1
701,2025-12-23_13-49-37,-7,-12,5
702,2025-12-23_13-49-37,-7,-1,-6
703,2025-12-23_13-49-37,424,384,40
710,2025-12-23_13-49-37,-16,-26,10
719,2025-12-23_13-49-37,51,31,20
754,2025-12-23_13-49-37,2,5,-3
757,2025-12-23_13-49-37,6,8,-2
768,2025-12-23_13-49-37,4,6,-2
183,2025-12-23_13-49-37,-10,-10,0
184,2025-12-23_13-49-37,-25,-30,5
185,2025-12-23_13-49-37,9,20,-11
186,2025-12-23_13-49-37,-3,-5,2
187,2025-12-23_13-49-37,10,-9,19
188,2025-12-23_13-49-37,16,32,-16
189,2025-12-23_13-49-37,-1,-2,1
190,2025-12-23_13-49-37,111,98,13
191,2025-12-23_13-49-37,-4311,-4271,-40
192,2025-12-23_13-49-37,-141,-150,9
193,2025-12-23_13-49-37,-10,-10,0
194,2025-12-23_13-49-37,-4,0,-4
195,2025-12-23_13-49-37,29,20,9
196,2025-12-23_13-49-37,-3,-1,-2
197,2025-12-23_13-49-37,154,134,20
198,2025-12-23_13-49-37,-442,-372,-70
199,2025-12-23_13-49-37,34,24,10
200,2025-12-23_13-49-37,-689,-674,-15
201,2025-12-23_13-49-37,-1,0,-1
202,2025-12-23_13-49-37,8,2,6
203,2025-12-23_13-49-37,11,11,0
204,2025-12-23_13-49-37,-1,0,-1
205,2025-12-23_13-49-37,-46,-150,104
206,2025-12-23_13-49-37,43,28,15
207,2025-12-23_13-49-37,-15,-20,5
208,2025-12-23_13-49-37,0,0,0
209,2025-12-23_13-49-37,6,3,3
210,2025-12-23_13-49-37,8,-6,14
211,2025-12-23_13-49-37,-216,-206,-10
212,2025-12-23_13-49-37,0,-1,1
213,2025-12-23_13-49-37,7,1,6
214,2025-12-23_13-49-37,27,16,11
215,2025-12-23_13-49-37,-425,-412,-13
216,2025-12-23_13-49-37,4,-2,6
217,2025-12-23_13-49-37,-657,-607,-50
218,2025-12-23_13-49-37,-97,-135,38
219,2025-12-23_13-49-37,-8,-9,1
470,2025-12-23_13-49-37,-147,-81,-66
676,2025-12-23_13-49-37,55,44,11
680,2025-12-23_13-49-37,207,182,25
722,2025-12-23_13-49-37,-2,-10,8
66,2025-12-23_13-49-37,-5,-5,0
67,2025-12-23_13-49-37,-1071,-928,-143
68,2025-12-23_13-49-37,-61,-80,19
69,2025-12-23_13-49-37,103,2,101
70,2025-12-23_13-49-37,-9,-5,-4
71,2025-12-23_13-49-37,-2,-1,-1
72,2025-12-23_13-49-37,-631,-829,198
73,2025-12-23_13-49-37,-8,-38,30
74,2025-12-23_13-49-37,-243,-307,64
75,2025-12-23_13-49-37,-6,-7,1
76,2025-12-23_13-49-37,-22,-6,-16
77,2025-12-23_13-49-37,-48,-88,40
78,2025-12-23_13-49-37,65,43,22
79,2025-12-23_13-49-37,-8,-5,-3
80,2025-12-23_13-49-37,3,3,0
81,2025-12-23_13-49-37,-150,-71,-79
82,2025-12-23_13-49-37,18521,16505,2016
84,2025-12-23_13-49-37,1793,816,977
85,2025-12-23_13-49-37,-227,-271,44
86,2025-12-23_13-49-37,7,17,-10
87,2025-12-23_13-49-37,19,13,6
88,2025-12-23_13-49-37,20,8,12
89,2025-12-23_13-49-37,-1,-3,2
90,2025-12-23_13-49-37,-7,-36,29
91,2025-12-23_13-49-37,-1,0,-1
92,2025-12-23_13-49-37,-3,-3,0
93,2025-12-23_13-49-37,-39,-30,-9
94,2025-12-23_13-49-37,-2,-2,0
95,2025-12-23_13-49-37,-3,-7,4
96,2025-12-23_13-49-37,-4,-3,-1
97,2025-12-23_13-49-37,-1817,-1508,-309
98,2025-12-23_13-49-37,-17,-25,8
99,2025-12-23_13-49-37,-17,-20,3
100,2025-12-23_13-49-37,-1343,-1915,572
391,2025-12-23_13-49-37,-5,-5,0
685,2025-12-23_13-49-37,-92,-60,-32
687,2025-12-23_13-49-37,0,0,0
697,2025-12-23_13-49-37,-11,-11,0
713,2025-12-23_13-49-37,-28,-12,-16
721,2025-12-23_13-49-37,-11,-8,-3
756,2025-12-23_13-49-37,14,6,8
27,2025-12-23_13-49-37,-6,-12,6
83,2025-12-23_13-49-37,-1526,-1413,-113
101,2025-12-23_13-49-37,1562,1467,95
102,2025-12-23_13-49-37,-22,-12,-10
103,2025-12-23_13-49-37,49,82,-33
104,2025-12-23_13-49-37,-6,7,-13
105,2025-12-23_13-49-37,-34,-47,13
106,2025-12-23_13-49-37,-140,-51,-89
107,2025-12-23_13-49-37,7150,6726,424
108,2025-12-23_13-49-37,-28,-40,12
109,2025-12-23_13-49-37,43,36,7
110,2025-12-23_13-49-37,-8,-30,22
111,2025-12-23_13-49-37,-26,-3,-23
112,2025-12-23_13-49-37,-1,0,-1
113,2025-12-23_13-49-37,16,50,-34
114,2025-12-23_13-49-37,6,-17,23
115,2025-12-23_13-49-37,-6,-6,0
116,2025-12-23_13-49-37,-5,-11,6
117,2025-12-23_13-49-37,-12,-5,-7
118,2025-12-23_13-49-37,-2,-3,1
120,2025-12-23_13-49-37,-62,-79,17
121,2025-12-23_13-49-37,-33,-80,47
122,2025-12-23_13-49-37,-1,-3,2
123,2025-12-23_13-49-37,-30,-29,-1
124,2025-12-23_13-49-37,243,117,126
125,2025-12-23_13-49-37,118,93,25
126,2025-12-23_13-49-37,13,2,11
127,2025-12-23_13-49-37,6,-1,7
128,2025-12-23_13-49-37,-15,-13,-2
129,2025-12-23_13-49-37,9,24,-15
130,2025-12-23_13-49-37,14,-6,20
131,2025-12-23_13-49-37,74,45,29
132,2025-12-23_13-49-37,19,13,6
133,2025-12-23_13-49-37,-6,2,-8
134,2025-12-23_13-49-37,0,0,0
136,2025-12-23_13-49-37,-43293,-56451,13158
137,2025-12-23_13-49-37,-12,-41,29
748,2025-12-23_13-49-37,2,0,2
138,2025-12-23_13-49-37,-14,-13,-1
139,2025-12-23_13-49-37,466,844,-378
140,2025-12-23_13-49-37,5,10,-5
141,2025-12-23_13-49-37,0,-1,1
142,2025-12-23_13-49-37,0,0,0
143,2025-12-23_13-49-37,8,33,-25
144,2025-12-23_13-49-37,3,3,0
145,2025-12-23_13-49-37,1240,1171,69
146,2025-12-23_13-49-37,-72,-89,17
147,2025-12-23_13-49-37,0,0,0
148,2025-12-23_13-49-37,-9,40,-49
150,2025-12-23_13-49-37,-6,-6,0
151,2025-12-23_13-49-37,-2247,-1811,-436
152,2025-12-23_13-49-37,-1,-4,3
153,2025-12-23_13-49-37,1,0,1
154,2025-12-23_13-49-37,-1,0,-1
155,2025-12-23_13-49-37,-4,-3,-1
156,2025-12-23_13-49-37,0,-7,7
157,2025-12-23_13-49-37,-70,-78,8
158,2025-12-23_13-49-37,-28,-14,-14
159,2025-12-23_13-49-37,-2,1,-3
160,2025-12-23_13-49-37,-3940,-4134,194
161,2025-12-23_13-49-37,-1,-1,0
162,2025-12-23_13-49-37,-2,1,-3
163,2025-12-23_13-49-37,10,13,-3
164,2025-12-23_13-49-37,-16,-12,-4
165,2025-12-23_13-49-37,0,0,0
166,2025-12-23_13-49-37,27,26,1
167,2025-12-23_13-49-37,-629,-507,-122
169,2025-12-23_13-49-37,-23,-22,-1
170,2025-12-23_13-49-37,15,11,4
171,2025-12-23_13-49-37,0,0,0
172,2025-12-23_13-49-37,-5,1,-6
173,2025-12-23_13-49-37,-110,-93,-17
174,2025-12-23_13-49-37,0,0,0
175,2025-12-23_13-49-37,22,3,19
176,2025-12-23_13-49-37,-3,-1,-2
177,2025-12-23_13-49-37,-1,0,-1
178,2025-12-23_13-49-37,-13519,-12085,-1434
179,2025-12-23_13-49-37,0,0,0
180,2025-12-23_13-49-37,-16,-11,-5
181,2025-12-23_13-49-37,-37,-62,25
744,2025-12-23_13-49-37,4,-2,6
761,2025-12-23_13-49-37,9,7,2
168,2025-12-23_13-49-37,8,-3,11
220,2025-12-23_13-49-37,-872,-386,-486
221,2025-12-23_13-49-37,-13,-12,-1
222,2025-12-23_13-49-37,0,0,0
223,2025-12-23_13-49-37,-8,4,-12
224,2025-12-23_13-49-37,-6181,-5429,-752
225,2025-12-23_13-49-37,3711,3550,161
226,2025-12-23_13-49-37,3521,3531,-10
227,2025-12-23_13-49-37,-9,-4,-5
228,2025-12-23_13-49-37,-281,-280,-1
229,2025-12-23_13-49-37,-2,-1,-1
230,2025-12-23_13-49-37,321,334,-13
231,2025-12-23_13-49-37,0,0,0
232,2025-12-23_13-49-37,-59,-82,23
233,2025-12-23_13-49-37,-138,-223,85
234,2025-12-23_13-49-37,-1,-2,1
235,2025-12-23_13-49-37,1990,2414,-424
236,2025-12-23_13-49-37,-2493,-2232,-261
237,2025-12-23_13-49-37,-4398,-4518,120
238,2025-12-23_13-49-37,-1706,-1707,1
239,2025-12-23_13-49-37,-11,-16,5
240,2025-12-23_13-49-37,0,-1,1
241,2025-12-23_13-49-37,214,-52,266
243,2025-12-23_13-49-37,4,-8,12
244,2025-12-23_13-49-37,0,-2,2
245,2025-12-23_13-49-37,1,0,1
246,2025-12-23_13-49-37,25,-10,35
247,2025-12-23_13-49-37,-5,-12,7
248,2025-12-23_13-49-37,0,-1,1
249,2025-12-23_13-49-37,-7752,-6697,-1055
250,2025-12-23_13-49-37,-117,-85,-32
251,2025-12-23_13-49-37,-4,-3,-1
252,2025-12-23_13-49-37,-3705,-6704,2999
453,2025-12-23_13-49-37,-77,21,-98
672,2025-12-23_13-49-37,-14,-12,-2
743,2025-12-23_13-49-37,-3,0,-3
253,2025-12-23_13-49-37,-2197,-2012,-185
254,2025-12-23_13-49-37,-10,-15,5
255,2025-12-23_13-49-37,2,7,-5
256,2025-12-23_13-49-37,-10871,-10508,-363
257,2025-12-23_13-49-37,-2550,-2462,-88
258,2025-12-23_13-49-37,-796,-698,-98
259,2025-12-23_13-49-37,-5,-4,-1
260,2025-12-23_13-49-37,-1000,-1375,375
261,2025-12-23_13-49-37,-569,-674,105
262,2025-12-23_13-49-37,-7,-2,-5
263,2025-12-23_13-49-37,95,123,-28
264,2025-12-23_13-49-37,-1,-3,2
265,2025-12-23_13-49-37,-1,0,-1
267,2025-12-23_13-49-37,-1197,-1077,-120
268,2025-12-23_13-49-37,-1,0,-1
269,2025-12-23_13-49-37,5,-8,13
270,2025-12-23_13-49-37,29,32,-3
271,2025-12-23_13-49-37,-103,-97,-6
272,2025-12-23_13-49-37,1,3,-2
273,2025-12-23_13-49-37,614,469,145
274,2025-12-23_13-49-37,0,8,-8
275,2025-12-23_13-49-37,3,1,2
276,2025-12-23_13-49-37,1580,2175,-595
277,2025-12-23_13-49-37,0,0,0
278,2025-12-23_13-49-37,-4,-5,1
279,2025-12-23_13-49-37,-1,0,-1
280,2025-12-23_13-49-37,0,-1,1
281,2025-12-23_13-49-37,3,1,2
282,2025-12-23_13-49-37,-1,-1,0
283,2025-12-23_13-49-37,-15680,-14539,-1141
284,2025-12-23_13-49-37,-104,-87,-17
285,2025-12-23_13-49-37,-16,-10,-6
286,2025-12-23_13-49-37,-30,-19,-11
690,2025-12-23_13-49-37,-53,-70,17
712,2025-12-23_13-49-37,-46,-65,19
723,2025-12-23_13-49-37,-4,-1,-3
732,2025-12-23_13-49-37,25,22,3
762,2025-12-23_13-49-37,13,6,7
242,2025-12-23_13-49-37,-14084,-13421,-663
287,2025-12-23_13-49-37,1136,1280,-144
288,2025-12-23_13-49-37,-8,-11,3
289,2025-12-23_13-49-37,-1,3,-4
290,2025-12-23_13-49-37,-9,-8,-1
291,2025-12-23_13-49-37,2353,2345,8
292,2025-12-23_13-49-37,390,397,-7
293,2025-12-23_13-49-37,245,186,59
294,2025-12-23_13-49-37,-15,-7,-8
295,2025-12-23_13-49-37,8923,8897,26
296,2025-12-23_13-49-37,7,4,3
297,2025-12-23_13-49-37,-6,-4,-2
298,2025-12-23_13-49-37,6,-6,12
299,2025-12-23_13-49-37,-4797,-4465,-332
300,2025-12-23_13-49-37,159,96,63
301,2025-12-23_13-49-37,136,157,-21
302,2025-12-23_13-49-37,-30,-31,1
303,2025-12-23_13-49-37,973,749,224
304,2025-12-23_13-49-37,41,26,15
305,2025-12-23_13-49-37,-6,-3,-3
306,2025-12-23_13-49-37,17,17,0
307,2025-12-23_13-49-37,13,10,3
308,2025-12-23_13-49-37,0,-1,1
309,2025-12-23_13-49-37,0,0,0
310,2025-12-23_13-49-37,278,218,60
311,2025-12-23_13-49-37,-240,-250,10
312,2025-12-23_13-49-37,-4,-7,3
313,2025-12-23_13-49-37,-11,-6,-5
419,2025-12-23_13-49-37,4772,4594,178
630,2025-12-23_13-49-37,19,-32,51
667,2025-12-23_13-49-37,1,0,1
704,2025-12-23_13-49-37,-1,-5,4
705,2025-12-23_13-49-37,11,-6,17
707,2025-12-23_13-49-37,5,-9,14
728,2025-12-23_13-49-37,3,-1,4
314,2025-12-23_13-49-37,-57,-97,40
315,2025-12-23_13-49-37,0,0,0
316,2025-12-23_13-49-37,941,783,158
317,2025-12-23_13-49-37,440,-29,469
318,2025-12-23_13-49-37,-487,-421,-66
319,2025-12-23_13-49-37,-27,-55,28
320,2025-12-23_13-49-37,-4,-2,-2
321,2025-12-23_13-49-37,22,14,8
322,2025-12-23_13-49-37,896,355,541
323,2025-12-23_13-49-37,-5,-3,-2
324,2025-12-23_13-49-37,-773,-643,-130
325,2025-12-23_13-49-37,786,423,363
326,2025-12-23_13-49-37,1,-17,18
327,2025-12-23_13-49-37,-3,-5,2
328,2025-12-23_13-49-37,-263,-246,-17
329,2025-12-23_13-49-37,-11061,5549,-16610
330,2025-12-23_13-49-37,-7,2,-9
331,2025-12-23_13-49-37,4,-5,9
332,2025-12-23_13-49-37,45,5,40
333,2025-12-23_13-49-37,-1,-3,2
334,2025-12-23_13-49-37,0,0,0
335,2025-12-23_13-49-37,-369,-651,282
336,2025-12-23_13-49-37,-11,-7,-4
337,2025-12-23_13-49-37,-1427,-3067,1640
338,2025-12-23_13-49-37,-90,-104,14
664,2025-12-23_13-49-37,-5,-15,10
727,2025-12-23_13-49-37,-471,-504,33
731,2025-12-23_13-49-37,129,112,17
737,2025-12-23_13-49-37,-17,-4,-13
339,2025-12-23_13-49-37,-24,-37,13
340,2025-12-23_13-49-37,-8,-5,-3
341,2025-12-23_13-49-37,45,37,8
342,2025-12-23_13-49-37,41,50,-9
343,2025-12-23_13-49-37,42,35,7
344,2025-12-23_13-49-37,506,427,79
345,2025-12-23_13-49-37,-11,-12,1
346,2025-12-23_13-49-37,-9,-22,13
347,2025-12-23_13-49-37,852,1050,-198
348,2025-12-23_13-49-37,51,-67,118
349,2025-12-23_13-49-37,-5,-6,1
350,2025-12-23_13-49-37,111,77,34
351,2025-12-23_13-49-37,6,15,-9
352,2025-12-23_13-49-37,6,2,4
353,2025-12-23_13-49-37,-20,-17,-3
354,2025-12-23_13-49-37,477,359,118
355,2025-12-23_13-49-37,-1,-1,0
356,2025-12-23_13-49-37,40,33,7
357,2025-12-23_13-49-37,0,-1,1
358,2025-12-23_13-49-37,31,21,10
359,2025-12-23_13-49-37,0,0,0
360,2025-12-23_13-49-37,-2,-2,0
361,2025-12-23_13-49-37,0,-2,2
362,2025-12-23_13-49-37,-36,-60,24
363,2025-12-23_13-49-37,-26,-18,-8
364,2025-12-23_13-49-37,0,-1,1
365,2025-12-23_13-49-37,-299,-311,12
493,2025-12-23_13-49-37,-141,-104,-37
660,2025-12-23_13-49-37,7673,5992,1681
665,2025-12-23_13-49-37,0,19,-19
691,2025-12-23_13-49-37,18484,16459,2025
698,2025-12-23_13-49-37,44,32,12
706,2025-12-23_13-49-37,-8,-1,-7
741,2025-12-23_13-49-37,-10,11,-21
366,2025-12-23_13-49-37,2205,2057,148
367,2025-12-23_13-49-37,-188,-193,5
368,2025-12-23_13-49-37,-52,-59,7
369,2025-12-23_13-49-37,-16,-21,5
370,2025-12-23_13-49-37,1666,1527,139
371,2025-12-23_13-49-37,577,524,53
372,2025-12-23_13-49-37,-31,-11,-20
373,2025-12-23_13-49-37,6279,5591,688
374,2025-12-23_13-49-37,3148,3059,89
375,2025-12-23_13-49-37,-71,-74,3
376,2025-12-23_13-49-37,-120,-80,-40
377,2025-12-23_13-49-37,-1,-1,0
378,2025-12-23_13-49-37,-58,-62,4
379,2025-12-23_13-49-37,-40,-39,-1
380,2025-12-23_13-49-37,-51,-40,-11
381,2025-12-23_13-49-37,-2938,-2984,46
382,2025-12-23_13-49-37,19484,25992,-6508
383,2025-12-23_13-49-37,-3,-2,-1
384,2025-12-23_13-49-37,-3039,-2966,-73
385,2025-12-23_13-49-37,511,423,88
386,2025-12-23_13-49-37,1533,1294,239
387,2025-12-23_13-49-37,-8690,-8797,107
388,2025-12-23_13-49-37,506,358,148
390,2025-12-23_13-49-37,7962,6266,1696
392,2025-12-23_13-49-37,-13,-11,-2
393,2025-12-23_13-49-37,-9,-7,-2
394,2025-12-23_13-49-37,-1,-2,1
395,2025-12-23_13-49-37,0,0,0
396,2025-12-23_13-49-37,-68,-91,23
397,2025-12-23_13-49-37,-1,-5,4
398,2025-12-23_13-49-37,-15,-8,-7
499,2025-12-23_13-49-37,-2697,-2467,-230
661,2025-12-23_13-49-37,71636,88047,-16411
686,2025-12-23_13-49-37,420,366,54
692,2025-12-23_13-49-37,0,-2,2
746,2025-12-23_13-49-37,3,5,-2
760,2025-12-23_13-49-37,6,6,0
182,2025-12-23_13-49-37,-96,-94,-2
399,2025-12-23_13-49-37,-33,-25,-8
400,2025-12-23_13-49-37,-8,-11,3
401,2025-12-23_13-49-37,-11,-15,4
402,2025-12-23_13-49-37,-546,-539,-7
403,2025-12-23_13-49-37,2985,2923,62
404,2025-12-23_13-49-37,-14,-7,-7
405,2025-12-23_13-49-37,-35,-42,7
406,2025-12-23_13-49-37,-5,-11,6
407,2025-12-23_13-49-37,2545,2367,178
408,2025-12-23_13-49-37,2124,1823,301
409,2025-12-23_13-49-37,-107,-121,14
410,2025-12-23_13-49-37,-131,-79,-52
411,2025-12-23_13-49-37,3339,3380,-41
412,2025-12-23_13-49-37,0,0,0
413,2025-12-23_13-49-37,-214,-203,-11
414,2025-12-23_13-49-37,15332,15532,-200
415,2025-12-23_13-49-37,-25,-21,-4
416,2025-12-23_13-49-37,65,48,17
417,2025-12-23_13-49-37,8661,8227,434
418,2025-12-23_13-49-37,-7376,-7087,-289
420,2025-12-23_13-49-37,-3,-3,0
421,2025-12-23_13-49-37,-20,-26,6
422,2025-12-23_13-49-37,-2,-3,1
423,2025-12-23_13-49-37,5,-16,21
424,2025-12-23_13-49-37,-52,-44,-8
425,2025-12-23_13-49-37,0,0,0
427,2025-12-23_13-49-37,2145,1375,770
428,2025-12-23_13-49-37,0,-1,1
429,2025-12-23_13-49-37,0,-2,2
430,2025-12-23_13-49-37,2892,2838,54
736,2025-12-23_13-49-37,457,538,-81
739,2025-12-23_13-49-37,3,-1,4
740,2025-12-23_13-49-37,-4,-2,-2
742,2025-12-23_13-49-37,-4,-2,-2
763,2025-12-23_13-49-37,3,4,-1
764,2025-12-23_13-49-37,2,0,2
119,2025-12-23_13-49-37,-16358,-14515,-1843
431,2025-12-23_13-49-37,-17,-29,12
432,2025-12-23_13-49-37,-5,-2,-3
433,2025-12-23_13-49-37,0,0,0
434,2025-12-23_13-49-37,6,2,4
435,2025-12-23_13-49-37,3,4,-1
436,2025-12-23_13-49-37,-986,-954,-32
437,2025-12-23_13-49-37,238,234,4
438,2025-12-23_13-49-37,-74,-76,2
439,2025-12-23_13-49-37,4,6,-2
440,2025-12-23_13-49-37,307,476,-169
441,2025-12-23_13-49-37,273,415,-142
442,2025-12-23_13-49-37,-76,-93,17
443,2025-12-23_13-49-37,-59,-48,-11
444,2025-12-23_13-49-37,-196,-177,-19
445,2025-12-23_13-49-37,-6,-5,-1
446,2025-12-23_13-49-37,-8,4,-12
447,2025-12-23_13-49-37,1220,1108,112
448,2025-12-23_13-49-37,-42,-24,-18
449,2025-12-23_13-49-37,-111162,-141099,29937
450,2025-12-23_13-49-37,27706,36713,-9007
451,2025-12-23_13-49-37,0,0,0
452,2025-12-23_13-49-37,-795,-670,-125
454,2025-12-23_13-49-37,-1,-3,2
455,2025-12-23_13-49-37,2443,1574,869
457,2025-12-23_13-49-37,649,453,196
458,2025-12-23_13-49-37,-229,-235,6
459,2025-12-23_13-49-37,74,39,35
460,2025-12-23_13-49-37,-1,-1,0
461,2025-12-23_13-49-37,0,3,-3
462,2025-12-23_13-49-37,64,71,-7
463,2025-12-23_13-49-37,9,9,0
464,2025-12-23_13-49-37,-1,0,-1
465,2025-12-23_13-49-37,-2,-4,2
466,2025-12-23_13-49-37,-261,-226,-35
467,2025-12-23_13-49-37,617,580,37
468,2025-12-23_13-49-37,-8,-9,1
681,2025-12-23_13-49-37,159,179,-20
733,2025-12-23_13-49-37,-688,-495,-193
755,2025-12-23_13-49-37,18,15,3
769,2025-12-23_13-49-37,2,5,-3
52,2025-12-23_13-49-37,28,33,-5
135,2025-12-23_13-49-37,-203,-198,-5
469,2025-12-23_13-49-37,-1578,-1383,-195
471,2025-12-23_13-49-37,-10,2,-12
472,2025-12-23_13-49-37,-3,-3,0
473,2025-12-23_13-49-37,289,252,37
474,2025-12-23_13-49-37,-311,-221,-90
475,2025-12-23_13-49-37,-80,-81,1
476,2025-12-23_13-49-37,-7902,-7443,-459
477,2025-12-23_13-49-37,-2554,-2425,-129
478,2025-12-23_13-49-37,-284,-265,-19
479,2025-12-23_13-49-37,-4,-5,1
480,2025-12-23_13-49-37,-17,-21,4
481,2025-12-23_13-49-37,53,45,8
482,2025-12-23_13-49-37,-17,-8,-9
483,2025-12-23_13-49-37,-45,-47,2
484,2025-12-23_13-49-37,-17,-8,-9
485,2025-12-23_13-49-37,10016,11646,-1630
486,2025-12-23_13-49-37,-246,-276,30
487,2025-12-23_13-49-37,-975,-861,-114
488,2025-12-23_13-49-37,-4261,-3750,-511
489,2025-12-23_13-49-37,30,71,-41
490,2025-12-23_13-49-37,-2,-8,6
491,2025-12-23_13-49-37,210,149,61
492,2025-12-23_13-49-37,0,0,0
494,2025-12-23_13-49-37,22,7,15
495,2025-12-23_13-49-37,-1,0,-1
496,2025-12-23_13-49-37,-6,-4,-2
497,2025-12-23_13-49-37,3929,4123,-194
498,2025-12-23_13-49-37,-2,0,-2
500,2025-12-23_13-49-37,-31,-28,-3
501,2025-12-23_13-49-37,1,-27,28
674,2025-12-23_13-49-37,-208,-147,-61
684,2025-12-23_13-49-37,-461,-263,-198
689,2025-12-23_13-49-37,-25,-17,-8
714,2025-12-23_13-49-37,7842,7008,834
753,2025-12-23_13-49-37,1,2,-1
765,2025-12-23_13-49-37,24,17,7
12,2025-12-23_13-49-37,9,7,2
426,2025-12-23_13-49-37,-4,-18,14
502,2025-12-23_13-49-37,-1345,-2262,917
503,2025-12-23_13-49-37,-12,-6,-6
504,2025-12-23_13-49-37,-8,-12,4
505,2025-12-23_13-49-37,-993,-816,-177
506,2025-12-23_13-49-37,-447,-310,-137
507,2025-12-23_13-49-37,-206,-193,-13
508,2025-12-23_13-49-37,-1073,-981,-92
509,2025-12-23_13-49-37,-2,-1,-1
510,2025-12-23_13-49-37,-8,3,-11
511,2025-12-23_13-49-37,-9,-11,2
512,2025-12-23_13-49-37,-1,0,-1
513,2025-12-23_13-49-37,177,153,24
514,2025-12-23_13-49-37,-39,-57,18
515,2025-12-23_13-49-37,-1453,-1341,-112
516,2025-12-23_13-49-37,-100,-240,140
517,2025-12-23_13-49-37,-1351,-2064,713
518,2025-12-23_13-49-37,-1,0,-1
519,2025-12-23_13-49-37,1,0,1
520,2025-12-23_13-49-37,0,0,0
521,2025-12-23_13-49-37,-24,-34,10
522,2025-12-23_13-49-37,-20,-24,4
523,2025-12-23_13-49-37,-7,-3,-4
524,2025-12-23_13-49-37,-1,0,-1
525,2025-12-23_13-49-37,-424,-482,58
526,2025-12-23_13-49-37,-1318,-1202,-116
527,2025-12-23_13-49-37,17,-13,30
669,2025-12-23_13-49-37,-630,-312,-318
675,2025-12-23_13-49-37,-42,-61,19
693,2025-12-23_13-49-37,9,17,-8
696,2025-12-23_13-49-37,-24,-29,5
699,2025-12-23_13-49-37,17,16,1
715,2025-12-23_13-49-37,112,90,22
716,2025-12-23_13-49-37,-135,-99,-36
729,2025-12-23_13-49-37,0,0,0
734,2025-12-23_13-49-37,3,4,-1
528,2025-12-23_13-49-37,-12,-8,-4
529,2025-12-23_13-49-37,-11,-28,17
530,2025-12-23_13-49-37,-12,-15,3
531,2025-12-23_13-49-37,4169,4159,10
532,2025-12-23_13-49-37,157,173,-16
533,2025-12-23_13-49-37,-2,0,-2
534,2025-12-23_13-49-37,-15,-32,17
535,2025-12-23_13-49-37,5,5,0
536,2025-12-23_13-49-37,3,6,-3
537,2025-12-23_13-49-37,-8,-5,-3
538,2025-12-23_13-49-37,-22,-19,-3
539,2025-12-23_13-49-37,-2,-15,13
540,2025-12-23_13-49-37,-43,-44,1
541,2025-12-23_13-49-37,-1359,-1335,-24
542,2025-12-23_13-49-37,-11,-5,-6
543,2025-12-23_13-49-37,4,-2,6
544,2025-12-23_13-49-37,-7,-3,-4
545,2025-12-23_13-49-37,-1,0,-1
546,2025-12-23_13-49-37,-2,-3,1
547,2025-12-23_13-49-37,1679,1943,-264
548,2025-12-23_13-49-37,4,-1,5
549,2025-12-23_13-49-37,5,-4,9
550,2025-12-23_13-49-37,3,-2,5
551,2025-12-23_13-49-37,15,11,4
552,2025-12-23_13-49-37,-21,-23,2
553,2025-12-23_13-49-37,-93,-96,3
554,2025-12-23_13-49-37,-34,-37,3
555,2025-12-23_13-49-37,-1,-1,0
556,2025-12-23_13-49-37,0,-1,1
557,2025-12-23_13-49-37,6,15,-9
558,2025-12-23_13-49-37,62,30,32
559,2025-12-23_13-49-37,0,-2,2
560,2025-12-23_13-49-37,-1297,-1239,-58
561,2025-12-23_13-49-37,-76,-65,-11
562,2025-12-23_13-49-37,-77,-63,-14
563,2025-12-23_13-49-37,-6,-6,0
564,2025-12-23_13-49-37,-5,-7,2
668,2025-12-23_13-49-37,2553,1856,697
670,2025-12-23_13-49-37,4603,4019,584
678,2025-12-23_13-49-37,-149,-149,0
683,2025-12-23_13-49-37,3957,3616,341
694,2025-12-23_13-49-37,3367,3318,49
724,2025-12-23_13-49-37,18,18,0
730,2025-12-23_13-49-37,19,-4,23
735,2025-12-23_13-49-37,-39,-38,-1
565,2025-12-23_13-49-37,-1717,-1463,-254
566,2025-12-23_13-49-37,-15,-9,-6
567,2025-12-23_13-49-37,-115,-90,-25
568,2025-12-23_13-49-37,-2922,-2492,-430
569,2025-12-23_13-49-37,-4297,-3975,-322
570,2025-12-23_13-49-37,-5,-4,-1
571,2025-12-23_13-49-37,-1,2,-3
572,2025-12-23_13-49-37,7,8,-1
573,2025-12-23_13-49-37,-126,-34,-92
574,2025-12-23_13-49-37,-93,-88,-5
575,2025-12-23_13-49-37,-8141,-7245,-896
576,2025-12-23_13-49-37,0,0,0
577,2025-12-23_13-49-37,-3,-6,3
578,2025-12-23_13-49-37,-35,-44,9
579,2025-12-23_13-49-37,-8,-1,-7
580,2025-12-23_13-49-37,-240,-173,-67
581,2025-12-23_13-49-37,-5,-1,-4
582,2025-12-23_13-49-37,-3044,-2822,-222
583,2025-12-23_13-49-37,0,-1,1
584,2025-12-23_13-49-37,-4,-8,4
585,2025-12-23_13-49-37,-1,-30,29
586,2025-12-23_13-49-37,16,13,3
587,2025-12-23_13-49-37,3,-3,6
588,2025-12-23_13-49-37,-1,-2,1
589,2025-12-23_13-49-37,0,0,0
590,2025-12-23_13-49-37,0,-2,2
591,2025-12-23_13-49-37,12,14,-2
592,2025-12-23_13-49-37,0,0,0
593,2025-12-23_13-49-37,-488,-457,-31
594,2025-12-23_13-49-37,-2,0,-2
595,2025-12-23_13-49-37,20,12,8
596,2025-12-23_13-49-37,-38,-32,-6
597,2025-12-23_13-49-37,-1289,-1114,-175
598,2025-12-23_13-49-37,0,-3,3
599,2025-12-23_13-49-37,-48,-64,16
673,2025-12-23_13-49-37,-323,-290,-33
717,2025-12-23_13-49-37,-1504,-1490,-14
726,2025-12-23_13-49-37,-122,-115,-7
745,2025-12-23_13-49-37,-2,-1,-1
750,2025-12-23_13-49-37,4,-5,9
751,2025-12-23_13-49-37,2,3,-1
149,2025-12-23_13-49-37,9,-4,13
600,2025-12-23_13-49-37,82,118,-36
601,2025-12-23_13-49-37,-40,-31,-9
602,2025-12-23_13-49-37,6,15,-9
603,2025-12-23_13-49-37,-1119,-1082,-37
604,2025-12-23_13-49-37,-2,-6,4
605,2025-12-23_13-49-37,-5,9,-14
606,2025-12-23_13-49-37,-3,12,-15
607,2025-12-23_13-49-37,-2,-2,0
608,2025-12-23_13-49-37,-1,-2,1
609,2025-12-23_13-49-37,-4,15,-19
610,2025-12-23_13-49-37,-1741,-1485,-256
611,2025-12-23_13-49-37,-5,-6,1
612,2025-12-23_13-49-37,532,616,-84
613,2025-12-23_13-49-37,-44,-24,-20
614,2025-12-23_13-49-37,-5,5,-10
615,2025-12-23_13-49-37,73,84,-11
616,2025-12-23_13-49-37,-3,-2,-1
617,2025-12-23_13-49-37,0,-2,2
618,2025-12-23_13-49-37,7,1,6
619,2025-12-23_13-49-37,1,1,0
620,2025-12-23_13-49-37,5,-2,7
621,2025-12-23_13-49-37,63,73,-10
622,2025-12-23_13-49-37,-3,-4,1
623,2025-12-23_13-49-37,349,825,-476
624,2025-12-23_13-49-37,2199,2370,-171
625,2025-12-23_13-49-37,-38,-30,-8
626,2025-12-23_13-49-37,-69,-110,41
659,2025-12-23_13-49-37,25,40,-15
671,2025-12-23_13-49-37,-624,-572,-52
679,2025-12-23_13-49-37,-32,-23,-9
708,2025-12-23_13-49-37,414,415,-1
718,2025-12-23_13-49-37,25,16,9
738,2025-12-23_13-49-37,2,11,-9
747,2025-12-23_13-49-37,0,1,-1
752,2025-12-23_13-49-37,-8,0,-8
758,2025-12-23_13-49-37,-3,0,-3
627,2025-12-23_13-49-37,-25,-34,9
628,2025-12-23_13-49-37,-115,-104,-11
629,2025-12-23_13-49-37,-94,-76,-18
631,2025-12-23_13-49-37,-26,-31,5
632,2025-12-23_13-49-37,-5,-5,0
633,2025-12-23_13-49-37,-34,-17,-17
634,2025-12-23_13-49-37,3,1,2
635,2025-12-23_13-49-37,-9,-8,-1
636,2025-12-23_13-49-37,-14,-9,-5
637,2025-12-23_13-49-37,-5,-15,10
638,2025-12-23_13-49-37,800,783,17
639,2025-12-23_13-49-37,0,-1,1
640,2025-12-23_13-49-37,-42,-35,-7
641,2025-12-23_13-49-37,-112,-132,20
642,2025-12-23_13-49-37,-20,-9,-11
643,2025-12-23_13-49-37,0,-14,14
644,2025-12-23_13-49-37,-11,-9,-2
645,2025-12-23_13-49-37,-1,-3,2
646,2025-12-23_13-49-37,-1,-11,10
647,2025-12-23_13-49-37,0,0,0
648,2025-12-23_13-49-37,-12,-13,1
649,2025-12-23_13-49-37,0,0,0
650,2025-12-23_13-49-37,-76,-67,-9
651,2025-12-23_13-49-37,42,56,-14
652,2025-12-23_13-49-37,208,188,20
653,2025-12-23_13-49-37,-3,-4,1
654,2025-12-23_13-49-37,-209,-181,-28
655,2025-12-23_13-49-37,-9,-6,-3
656,2025-12-23_13-49-37,0,-1,1
657,2025-12-23_13-49-37,-2,-5,3
658,2025-12-23_13-49-37,-146,-236,90
663,2025-12-23_13-49-37,-23,-10,-13
682,2025-12-23_13-49-37,-5,-3,-2
695,2025-12-23_13-49-37,-3,-6,3
709,2025-12-23_13-49-37,-6,-4,-2
720,2025-12-23_13-49-37,-25,-8,-17
749,2025-12-23_13-49-37,72,15,57
766,2025-12-23_13-49-37,7,6,1
767,2025-12-23_13-49-37,11,6,5
